factor,level,regime,mean_advantage_std,mean_checkpoints
beam_count,1.0,nominal,2.126756138081629,0.0
beam_count,1.0,randomized,0.5463464364539202,0.0
beam_count,3.0,nominal,0.738034582801518,4.0
beam_count,3.0,randomized,0.3321256690104673,0.6666666666666666
beam_count,5.0,nominal,0.8720664892217102,1.0
beam_count,5.0,randomized,0.37381618696284963,0.3333333333333333
beam_count,7.0,nominal,1.0660694141890488,0.3333333333333333
beam_count,7.0,randomized,0.47328237710364807,0.3333333333333333
fov_deg,60.0,nominal,0.8528097771495943,4.333333333333333
fov_deg,60.0,randomized,0.3312204350683114,0.6666666666666666
fov_deg,90.0,nominal,0.738034582801518,4.0
fov_deg,90.0,randomized,0.3321256690104673,0.6666666666666666
fov_deg,120.0,nominal,0.706589028274729,3.6666666666666665
fov_deg,120.0,randomized,0.3353780098366961,0.6666666666666666
fov_deg,150.0,nominal,0.7216849371684448,2.6666666666666665
fov_deg,150.0,randomized,0.33805239656593383,0.6666666666666666
noise_sigma,0.0,nominal,0.738034582801518,4.0
noise_sigma,0.0,randomized,0.3321256690104673,0.6666666666666666
noise_sigma,0.02,nominal,0.7728954985766453,3.5833333333333335
noise_sigma,0.02,randomized,0.33454987928929575,0.6666666666666666
noise_sigma,0.05,nominal,0.8762555431298411,3.5416666666666665
noise_sigma,0.05,randomized,0.3405570612542202,0.6666666666666666
noise_sigma,0.1,nominal,1.0091971053466713,3.375
noise_sigma,0.1,randomized,0.35449519643565486,0.6666666666666666
dropout_p,0.0,nominal,0.738034582801518,4.0
dropout_p,0.0,randomized,0.3321256690104673,0.6666666666666666
dropout_p,0.1,nominal,1.0025388788341976,3.2916666666666665
dropout_p,0.1,randomized,0.3802062609760573,0.6666666666666666
dropout_p,0.2,nominal,1.2741788206200186,2.0833333333333335
dropout_p,0.2,randomized,0.4225481562083117,0.6666666666666666
dropout_p,0.4,nominal,1.5084389309107629,0.041666666666666664
dropout_p,0.4,randomized,0.49768119806627603,0.041666666666666664
