regime,seed,mean_advantage_std,mean_checkpoints,beam_count,fov_deg,noise_sigma,dropout_p
nominal,0,2.17588480313619,0.0,1,90.0,0.0,0.0
nominal,0,0.39381269477307795,3.0,3,90.0,0.0,0.0
nominal,0,0.5630332823585039,1.0,5,90.0,0.0,0.0
nominal,0,1.1114095344262964,0.0,7,90.0,0.0,0.0
nominal,0,0.43917644807270595,3.0,3,60.0,0.0,0.0
nominal,0,0.3853605626204184,2.0,3,120.0,0.0,0.0
nominal,0,0.4155794130318931,2.0,3,150.0,0.0,0.0
nominal,0,0.4300650879847152,2.5,3,90.0,0.02,0.0
nominal,0,0.5634613989014179,2.0,3,90.0,0.05,0.0
nominal,0,0.7802957525274079,1.5,3,90.0,0.1,0.0
nominal,0,0.6971138328080997,2.75,3,90.0,0.0,0.1
nominal,0,1.0799461942269548,1.875,3,90.0,0.0,0.2
nominal,0,1.4958633980852976,0.0,3,90.0,0.0,0.4
nominal,1,2.5798249380155043,0.0,1,90.0,0.0,0.0
nominal,1,0.6873984952270985,3.0,3,90.0,0.0,0.0
nominal,1,1.0262932357548167,1.0,5,90.0,0.0,0.0
nominal,1,0.9509443461894989,0.0,7,90.0,0.0,0.0
nominal,1,0.9263015413284301,5.0,3,60.0,0.0,0.0
nominal,1,0.6480714690153088,3.0,3,120.0,0.0,0.0
nominal,1,0.6905242572937693,3.0,3,150.0,0.0,0.0
nominal,1,0.7244570652821234,3.0,3,90.0,0.02,0.0
nominal,1,0.8627426151266055,3.0,3,90.0,0.05,0.0
nominal,1,1.031364486564749,3.0,3,90.0,0.1,0.0
nominal,1,1.0083972061565145,3.0,3,90.0,0.0,0.1
nominal,1,1.3840230008504129,2.0,3,90.0,0.0,0.2
nominal,1,1.7180553368063038,0.0,3,90.0,0.0,0.4
nominal,2,1.6245586730931934,0.0,1,90.0,0.0,0.0
nominal,2,1.1328925584043776,6.0,3,90.0,0.0,0.0
nominal,2,1.0268729495518099,1.0,5,90.0,0.0,0.0
nominal,2,1.1358543619513513,1.0,7,90.0,0.0,0.0
nominal,2,1.192951342047647,5.0,3,60.0,0.0,0.0
nominal,2,1.0863350531884601,6.0,3,120.0,0.0,0.0
nominal,2,1.0589511411796724,3.0,3,150.0,0.0,0.0
nominal,2,1.1641643424630972,5.25,3,90.0,0.02,0.0
nominal,2,1.2025626153615,5.625,3,90.0,0.05,0.0
nominal,2,1.215931076947857,5.625,3,90.0,0.1,0.0
nominal,2,1.3021055975379783,4.125,3,90.0,0.0,0.1
nominal,2,1.3585672667826882,2.375,3,90.0,0.0,0.2
nominal,2,1.311398057840687,0.125,3,90.0,0.0,0.4
randomized,0,0.8343402560461651,0.0,1,90.0,0.0,0.0
randomized,0,0.492027627485139,2.0,3,90.0,0.0,0.0
randomized,0,0.6175047014698838,1.0,5,90.0,0.0,0.0
randomized,0,0.8484926167691108,1.0,7,90.0,0.0,0.0
randomized,0,0.49234545043536593,2.0,3,60.0,0.0,0.0
randomized,0,0.4909824750253132,2.0,3,120.0,0.0,0.0
randomized,0,0.5021717421497618,2.0,3,150.0,0.0,0.0
randomized,0,0.49399984466178076,2.0,3,90.0,0.02,0.0
randomized,0,0.5064806970208884,2.0,3,90.0,0.05,0.0
randomized,0,0.5375460796377488,2.0,3,90.0,0.1,0.0
randomized,0,0.5894272537201837,2.0,3,90.0,0.0,0.1
randomized,0,0.6628906627231782,2.0,3,90.0,0.0,0.2
randomized,0,0.8102027867072386,0.125,3,90.0,0.0,0.4
randomized,1,0.49200583149989446,0.0,1,90.0,0.0,0.0
randomized,1,0.26861503652550955,0.0,3,90.0,0.0,0.0
randomized,1,0.2554324465493361,0.0,5,90.0,0.0,0.0
randomized,1,0.24586984157562256,0.0,7,90.0,0.0,0.0
randomized,1,0.2778452200734097,0.0,3,60.0,0.0,0.0
randomized,1,0.25726853988387366,0.0,3,120.0,0.0,0.0
randomized,1,0.24251491711898285,0.0,3,150.0,0.0,0.0
randomized,1,0.2700851443021194,0.0,3,90.0,0.02,0.0
randomized,1,0.26908944411711255,0.0,3,90.0,0.05,0.0
randomized,1,0.2722014299623315,0.0,3,90.0,0.1,0.0
randomized,1,0.2998759567416095,0.0,3,90.0,0.0,0.1
randomized,1,0.34325216995240515,0.0,3,90.0,0.0,0.2
randomized,1,0.42567229518997957,0.0,3,90.0,0.0,0.4
randomized,2,0.3126932218157012,0.0,1,90.0,0.0,0.0
randomized,2,0.23573434302075344,0.0,3,90.0,0.0,0.0
randomized,2,0.24851141286932904,0.0,5,90.0,0.0,0.0
randomized,2,0.32548467296621075,0.0,7,90.0,0.0,0.0
randomized,2,0.2234706346961585,0.0,3,60.0,0.0,0.0
randomized,2,0.25788301460090135,0.0,3,120.0,0.0,0.0
randomized,2,0.2694705304290567,0.0,3,150.0,0.0,0.0
randomized,2,0.239564648903987,0.0,3,90.0,0.02,0.0
randomized,2,0.24610104262465973,0.0,3,90.0,0.05,0.0
randomized,2,0.2537380797068842,0.0,3,90.0,0.1,0.0
randomized,2,0.2513155724663787,0.0,3,90.0,0.0,0.1
randomized,2,0.26150163594935194,0.0,3,90.0,0.0,0.2
randomized,2,0.2571685123016098,0.0,3,90.0,0.0,0.4
