encoding,regime,factor,level,n_seeds,mean_checkpoints,std_checkpoints,mean_reward,crash_rate,checkpoint_clear_rate
ordinal,nominal,beam_count,1.0,3,0.0,0.0,30.030811836989177,1.0,0.0
ordinal,randomized,beam_count,1.0,3,0.0,0.0,44.742297111867764,1.0,0.0
ordinal,nominal,beam_count,3.0,3,4.0,1.7320508075688772,573.4798088121215,0.0,0.0
ordinal,randomized,beam_count,3.0,3,0.6666666666666666,1.1547005383792517,177.12597121178317,0.6666666666666666,0.0
ordinal,nominal,beam_count,5.0,3,1.0,0.0,138.131450874842,1.0,0.0
ordinal,randomized,beam_count,5.0,3,0.3333333333333333,0.5773502691896258,55.889178547957364,1.0,0.0
ordinal,nominal,beam_count,7.0,3,0.3333333333333333,0.5773502691896258,43.44764404113719,1.0,0.0
ordinal,randomized,beam_count,7.0,3,0.3333333333333333,0.5773502691896258,49.376738502067404,1.0,0.0
ordinal,nominal,fov_deg,60.0,3,4.333333333333333,1.1547005383792517,548.5913473056811,0.3333333333333333,0.0
ordinal,randomized,fov_deg,60.0,3,0.6666666666666666,1.1547005383792517,174.62570093821137,0.6666666666666666,0.0
ordinal,nominal,fov_deg,90.0,3,4.0,1.7320508075688772,573.4798088121215,0.0,0.0
ordinal,randomized,fov_deg,90.0,3,0.6666666666666666,1.1547005383792517,177.12597121178317,0.6666666666666666,0.0
ordinal,nominal,fov_deg,120.0,3,3.6666666666666665,2.081665999466133,590.9721402636613,0.0,0.0
ordinal,randomized,fov_deg,120.0,3,0.6666666666666666,1.1547005383792517,175.26543910233366,0.6666666666666666,0.0
ordinal,nominal,fov_deg,150.0,3,2.6666666666666665,0.5773502691896258,511.4946939730342,0.3333333333333333,0.0
ordinal,randomized,fov_deg,150.0,3,0.6666666666666666,1.1547005383792517,172.64521387534458,0.6666666666666666,0.0
ordinal,nominal,noise_sigma,0.0,3,4.0,1.7320508075688772,573.4798088121215,0.0,0.0
ordinal,randomized,noise_sigma,0.0,3,0.6666666666666666,1.1547005383792517,177.12597121178317,0.6666666666666666,0.0
ordinal,nominal,noise_sigma,0.02,3,3.6666666666666665,1.7009801096230763,562.4554106500044,0.04444444444444443,0.0
ordinal,randomized,noise_sigma,0.02,3,0.6666666666666666,1.1547005383792517,176.805114045495,0.6666666666666666,0.0
ordinal,nominal,noise_sigma,0.05,3,3.466666666666667,1.7473789896108212,550.9131879694951,0.06666666666666667,0.0
ordinal,randomized,noise_sigma,0.05,3,0.6666666666666666,1.1547005383792517,174.27925066554727,0.6666666666666666,0.0
ordinal,nominal,noise_sigma,0.1,3,3.444444444444444,2.015863017098063,522.0366601010602,0.1111111111111111,0.0
ordinal,randomized,noise_sigma,0.1,3,0.6666666666666666,1.1547005383792517,169.24328136472298,0.6666666666666666,0.0
ordinal,nominal,dropout_p,0.0,3,4.0,1.7320508075688772,573.4798088121215,0.0,0.0
ordinal,randomized,dropout_p,0.0,3,0.6666666666666666,1.1547005383792517,177.12597121178317,0.6666666666666666,0.0
ordinal,nominal,dropout_p,0.1,3,3.4,0.8110350040397625,519.6032531694922,0.06666666666666667,0.0
ordinal,randomized,dropout_p,0.1,3,0.6666666666666666,1.1547005383792517,157.12309578966236,0.7999999999999999,0.0
ordinal,nominal,dropout_p,0.2,3,2.0444444444444443,0.2775554665954843,356.00780472772436,0.39999999999999997,0.0
ordinal,randomized,dropout_p,0.2,3,0.6666666666666666,1.1547005383792517,135.2608652533339,0.9333333333333332,0.0
ordinal,nominal,dropout_p,0.4,3,0.0222222222222222,0.03849001794597501,37.00029872287978,1.0,0.0
ordinal,randomized,dropout_p,0.4,3,0.04444444444444443,0.0769800358919501,32.5671120974213,1.0,0.0
angle_tagged,nominal,beam_count,1.0,3,0.3333333333333333,0.5773502691896258,110.37058916047107,1.0,0.0
angle_tagged,randomized,beam_count,1.0,3,0.0,0.0,37.248402680577556,1.0,0.0
angle_tagged,nominal,beam_count,3.0,3,3.3333333333333335,1.5275252316519465,540.4070042326829,0.3333333333333333,0.0
angle_tagged,randomized,beam_count,3.0,3,0.6666666666666666,1.1547005383792517,149.6478383866092,0.6666666666666666,0.0
angle_tagged,nominal,beam_count,5.0,3,3.6666666666666665,2.081665999466133,550.0152491584962,0.3333333333333333,0.0
angle_tagged,randomized,beam_count,5.0,3,0.6666666666666666,1.1547005383792517,139.92733302557335,0.6666666666666666,0.0
angle_tagged,nominal,beam_count,7.0,3,3.3333333333333335,0.5773502691896258,578.0908844540776,0.0,0.0
angle_tagged,randomized,beam_count,7.0,3,1.0,1.0,259.13758047465757,0.6666666666666666,0.0
angle_tagged,nominal,fov_deg,60.0,3,0.0,0.0,20.983082108051523,1.0,0.0
angle_tagged,randomized,fov_deg,60.0,3,1.0,1.7320508075688772,187.02419205891547,0.6666666666666666,0.0
angle_tagged,nominal,fov_deg,90.0,3,3.3333333333333335,1.5275252316519465,540.4070042326829,0.3333333333333333,0.0
angle_tagged,randomized,fov_deg,90.0,3,0.6666666666666666,1.1547005383792517,149.6478383866092,0.6666666666666666,0.0
angle_tagged,nominal,fov_deg,120.0,3,0.0,0.0,21.163037141025445,1.0,0.0
angle_tagged,randomized,fov_deg,120.0,3,0.0,0.0,16.03434319842863,1.0,0.0
angle_tagged,nominal,fov_deg,150.0,3,0.0,0.0,29.31474014742537,1.0,0.0
angle_tagged,randomized,fov_deg,150.0,3,0.0,0.0,29.52576388389019,1.0,0.0
angle_tagged,nominal,noise_sigma,0.0,3,3.3333333333333335,1.5275252316519465,540.4070042326829,0.3333333333333333,0.0
angle_tagged,randomized,noise_sigma,0.0,3,0.6666666666666666,1.1547005383792517,149.6478383866092,0.6666666666666666,0.0
angle_tagged,nominal,noise_sigma,0.02,3,3.3333333333333335,1.5275252316519465,529.7389313085328,0.3333333333333333,0.0
angle_tagged,randomized,noise_sigma,0.02,3,0.6666666666666666,1.1547005383792517,147.48611869643386,0.6666666666666666,0.0
angle_tagged,nominal,noise_sigma,0.05,3,3.0444444444444443,1.0673608852020295,497.04314588039824,0.2666666666666666,0.0
angle_tagged,randomized,noise_sigma,0.05,3,0.6666666666666666,1.1547005383792517,152.7982100193356,0.6666666666666666,0.0
angle_tagged,nominal,noise_sigma,0.1,3,2.4444444444444446,1.0797804989561193,425.849577552424,0.3333333333333333,0.0
angle_tagged,randomized,noise_sigma,0.1,3,0.5777777777777778,1.0007404665953512,135.37924122870515,0.7333333333333334,0.0
angle_tagged,nominal,dropout_p,0.0,3,3.3333333333333335,1.5275252316519465,540.4070042326829,0.3333333333333333,0.0
angle_tagged,randomized,dropout_p,0.0,3,0.6666666666666666,1.1547005383792517,149.6478383866092,0.6666666666666666,0.0
angle_tagged,nominal,dropout_p,0.1,3,2.9333333333333336,0.9018499505645787,461.7668309546648,0.4222222222222222,0.0
angle_tagged,randomized,dropout_p,0.1,3,0.5777777777777778,1.0007404665953512,129.18621402141667,0.7111111111111111,0.0
angle_tagged,nominal,dropout_p,0.2,3,1.711111111111111,0.31505437508350737,274.1251129599382,0.7555555555555555,0.0
angle_tagged,randomized,dropout_p,0.2,3,0.4888888888888889,0.8467803948114511,115.28342798729538,0.7555555555555555,0.0
angle_tagged,nominal,dropout_p,0.4,3,0.04444444444444443,0.0769800358919501,37.18230027896747,1.0,0.0
angle_tagged,randomized,dropout_p,0.4,3,0.0,0.0,32.784653131841964,1.0,0.0
