factor,level,regime,n_seeds,mean_checkpoints,std_checkpoints,mean_reward,crash_rate,checkpoint_clear_rate
beam_count,1.0,nominal,3,0.0,0.0,30.030811836989177,1.0,0.0
beam_count,1.0,randomized,3,0.0,0.0,44.742297111867764,1.0,0.0
beam_count,3.0,nominal,3,4.0,1.7320508075688772,573.4798088121215,0.0,0.0
beam_count,3.0,randomized,3,0.6666666666666666,1.1547005383792517,177.12597121178317,0.6666666666666666,0.0
beam_count,5.0,nominal,3,1.0,0.0,138.131450874842,1.0,0.0
beam_count,5.0,randomized,3,0.3333333333333333,0.5773502691896258,55.889178547957364,1.0,0.0
beam_count,7.0,nominal,3,0.3333333333333333,0.5773502691896258,43.44764404113719,1.0,0.0
beam_count,7.0,randomized,3,0.3333333333333333,0.5773502691896258,49.376738502067404,1.0,0.0
fov_deg,60.0,nominal,3,4.333333333333333,1.1547005383792517,548.5913473056811,0.3333333333333333,0.0
fov_deg,60.0,randomized,3,0.6666666666666666,1.1547005383792517,174.62570093821137,0.6666666666666666,0.0
fov_deg,90.0,nominal,3,4.0,1.7320508075688772,573.4798088121215,0.0,0.0
fov_deg,90.0,randomized,3,0.6666666666666666,1.1547005383792517,177.12597121178317,0.6666666666666666,0.0
fov_deg,120.0,nominal,3,3.6666666666666665,2.081665999466133,590.9721402636613,0.0,0.0
fov_deg,120.0,randomized,3,0.6666666666666666,1.1547005383792517,175.26543910233366,0.6666666666666666,0.0
fov_deg,150.0,nominal,3,2.6666666666666665,0.5773502691896258,511.4946939730342,0.3333333333333333,0.0
fov_deg,150.0,randomized,3,0.6666666666666666,1.1547005383792517,172.64521387534458,0.6666666666666666,0.0
noise_sigma,0.0,nominal,3,4.0,1.7320508075688772,573.4798088121215,0.0,0.0
noise_sigma,0.0,randomized,3,0.6666666666666666,1.1547005383792517,177.12597121178317,0.6666666666666666,0.0
noise_sigma,0.02,nominal,3,3.6666666666666665,1.7009801096230763,562.4554106500044,0.04444444444444443,0.0
noise_sigma,0.02,randomized,3,0.6666666666666666,1.1547005383792517,176.805114045495,0.6666666666666666,0.0
noise_sigma,0.05,nominal,3,3.466666666666667,1.7473789896108212,550.9131879694951,0.06666666666666667,0.0
noise_sigma,0.05,randomized,3,0.6666666666666666,1.1547005383792517,174.27925066554727,0.6666666666666666,0.0
noise_sigma,0.1,nominal,3,3.444444444444444,2.015863017098063,522.0366601010602,0.1111111111111111,0.0
noise_sigma,0.1,randomized,3,0.6666666666666666,1.1547005383792517,169.24328136472298,0.6666666666666666,0.0
dropout_p,0.0,nominal,3,4.0,1.7320508075688772,573.4798088121215,0.0,0.0
dropout_p,0.0,randomized,3,0.6666666666666666,1.1547005383792517,177.12597121178317,0.6666666666666666,0.0
dropout_p,0.1,nominal,3,3.4,0.8110350040397625,519.6032531694922,0.06666666666666667,0.0
dropout_p,0.1,randomized,3,0.6666666666666666,1.1547005383792517,157.12309578966236,0.7999999999999999,0.0
dropout_p,0.2,nominal,3,2.0444444444444443,0.2775554665954843,356.00780472772436,0.39999999999999997,0.0
dropout_p,0.2,randomized,3,0.6666666666666666,1.1547005383792517,135.2608652533339,0.9333333333333332,0.0
dropout_p,0.4,nominal,3,0.0222222222222222,0.03849001794597501,37.00029872287978,1.0,0.0
dropout_p,0.4,randomized,3,0.04444444444444443,0.0769800358919501,32.5671120974213,1.0,0.0
